{
    "$schema": "https://schema.management.azure.com/schemas/2015-01-01/deploymentParameters.json#",
    "contentVersion": "1.0.0.0",
    "parameters": {
        "name": {
            "value": "azkeyvault-2022"
        },
        "location": {
            "value": "eastus"
        },
        "sku": {
            "value": "Standard"
        },
        "accessPolicies": {
            "value": []
        },
        "tenant": {
            "value": "<your_tenant>"
        },
        "enabledForDeployment": {
            "value": false
        },
        "enabledForTemplateDeployment": {
            "value": false
        },
        "enabledForDiskEncryption": {
            "value": false
        },
        "enableRbacAuthorization": {
            "value": true
        },
        "publicNetworkAccess": {
            "value": "Enabled"
        },
        "enableSoftDelete": {
            "value": true
        },
        "softDeleteRetentionInDays": {
            "value": 90
        },
        "networkAcls": {
            "value": {
                "defaultAction": "allow",
                "bypass": "AzureServices",
                "ipRules": [],
                "virtualNetworkRules": []
            }
        }
    }
}